-- phpMyAdmin SQL Dump
-- version 5.0.2
-- https://www.phpmyadmin.net/
--
-- Host: 127.0.0.1:3306
-- Generation Time: Sep 13, 2022 at 04:15 AM
-- Server version: 5.7.31
-- PHP Version: 7.4.9

SET SQL_MODE = "NO_AUTO_VALUE_ON_ZERO";
START TRANSACTION;
SET time_zone = "+00:00";


/*!40101 SET @OLD_CHARACTER_SET_CLIENT=@@CHARACTER_SET_CLIENT */;
/*!40101 SET @OLD_CHARACTER_SET_RESULTS=@@CHARACTER_SET_RESULTS */;
/*!40101 SET @OLD_COLLATION_CONNECTION=@@COLLATION_CONNECTION */;
/*!40101 SET NAMES utf8mb4 */;

--
-- Database: `report_walikelas`
--

-- --------------------------------------------------------

--
-- Table structure for table `absensi`
--

DROP TABLE IF EXISTS `absensi`;
CREATE TABLE IF NOT EXISTS `absensi` (
  `id` int(11) NOT NULL AUTO_INCREMENT,
  `walikelas` int(11) NOT NULL,
  `tanggal` date NOT NULL,
  `kelas` varchar(20) NOT NULL,
  `siswa` varchar(50) NOT NULL,
  `absensi` varchar(10) NOT NULL,
  `tahun_pelajaran` varchar(20) NOT NULL,
  `semester` varchar(2) NOT NULL,
  PRIMARY KEY (`id`)
) ENGINE=MyISAM AUTO_INCREMENT=801 DEFAULT CHARSET=latin1;

--
-- Dumping data for table `absensi`
--

INSERT INTO `absensi` (`id`, `walikelas`, `tanggal`, `kelas`, `siswa`, `absensi`, `tahun_pelajaran`, `semester`) VALUES
(756, 26, '2022-09-12', 'X TKR', '2', 's', '2022/2023', '1'),
(757, 26, '2022-09-12', 'X TKR', '3', 'i', '2022/2023', '1'),
(758, 26, '2022-09-12', 'X TKR', '4', 'a', '2022/2023', '1'),
(759, 26, '2022-09-12', 'X TKR', '5', 'a', '2022/2023', '1'),
(760, 26, '2022-09-12', 'X TKR', '6', 'a', '2022/2023', '1'),
(761, 26, '2022-09-12', 'X TKR', '7', 'h', '2022/2023', '1'),
(762, 26, '2022-09-12', 'X TKR', '8', 'i', '2022/2023', '1'),
(763, 26, '2022-09-12', 'X TKR', '9', 'h', '2022/2023', '1'),
(764, 26, '2022-09-12', 'X TKR', '10', 'h', '2022/2023', '1'),
(765, 26, '2022-09-12', 'X TKR', '11', 'h', '2022/2023', '1'),
(766, 26, '2022-09-12', 'X TKR', '12', 'h', '2022/2023', '1'),
(767, 26, '2022-09-12', 'X TKR', '13', 'h', '2022/2023', '1'),
(768, 26, '2022-09-12', 'X TKR', '14', 'h', '2022/2023', '1'),
(769, 26, '2022-09-12', 'X TKR', '15', 'h', '2022/2023', '1'),
(770, 26, '2022-09-12', 'X TKR', '16', 'h', '2022/2023', '1'),
(771, 26, '2022-09-12', 'X TKR', '17', 'h', '2022/2023', '1'),
(772, 26, '2022-09-12', 'X TKR', '18', 'h', '2022/2023', '1'),
(773, 26, '2022-09-12', 'X TKR', '19', 'h', '2022/2023', '1'),
(774, 26, '2022-09-12', 'X TKR', '20', 'h', '2022/2023', '1'),
(775, 26, '2022-09-12', 'X TKR', '21', 'h', '2022/2023', '1'),
(776, 26, '2022-09-12', 'X TKR', '22', 'h', '2022/2023', '1'),
(777, 26, '2022-09-12', 'X TKR', '23', 'h', '2022/2023', '1'),
(778, 26, '2022-09-12', 'X TKR', '24', 'h', '2022/2023', '1'),
(779, 26, '2022-09-12', 'X TKR', '25', 'h', '2022/2023', '1'),
(780, 26, '2022-09-12', 'X TKR', '26', 'h', '2022/2023', '1'),
(781, 26, '2022-09-12', 'X TKR', '27', 'h', '2022/2023', '1'),
(782, 26, '2022-09-12', 'X TKR', '28', 'h', '2022/2023', '1'),
(783, 26, '2022-09-12', 'X TKR', '29', 'h', '2022/2023', '1'),
(784, 26, '2022-09-12', 'X TKR', '30', 'h', '2022/2023', '1'),
(785, 26, '2022-09-12', 'X TKR', '31', 'h', '2022/2023', '1'),
(786, 26, '2022-09-12', 'X TKR', '32', 'h', '2022/2023', '1'),
(787, 26, '2022-09-12', 'X TKR', '33', 'h', '2022/2023', '1'),
(788, 26, '2022-09-12', 'X TKR', '34', 'h', '2022/2023', '1'),
(789, 26, '2022-09-12', 'X TKR', '35', 'h', '2022/2023', '1'),
(790, 26, '2022-09-12', 'X TKR', '36', 'h', '2022/2023', '1'),
(791, 26, '2022-09-12', 'X TKR', '37', 'h', '2022/2023', '1'),
(792, 26, '2022-09-12', 'X TKR', '38', 'h', '2022/2023', '1'),
(793, 26, '2022-09-12', 'X TKR', '39', 'h', '2022/2023', '1'),
(794, 26, '2022-09-12', 'X TKR', '40', 'h', '2022/2023', '1'),
(795, 26, '2022-09-12', 'X TKR', '41', 'h', '2022/2023', '1'),
(796, 26, '2022-09-12', 'X TKR', '42', 'h', '2022/2023', '1'),
(797, 26, '2022-09-12', 'X TKR', '43', 'h', '2022/2023', '1'),
(798, 26, '2022-09-12', 'X TKR', '44', 'h', '2022/2023', '1'),
(799, 26, '2022-09-12', 'X TKR', '45', 'h', '2022/2023', '1'),
(800, 26, '2022-09-12', 'X TKR', '46', 'h', '2022/2023', '1');

-- --------------------------------------------------------

--
-- Table structure for table `admin`
--

DROP TABLE IF EXISTS `admin`;
CREATE TABLE IF NOT EXISTS `admin` (
  `id` int(11) NOT NULL AUTO_INCREMENT,
  `username` varchar(100) NOT NULL,
  `password` varchar(100) NOT NULL,
  `nama` varchar(50) NOT NULL,
  `whatsapp` varchar(20) NOT NULL,
  `level` int(11) NOT NULL DEFAULT '0',
  PRIMARY KEY (`id`)
) ENGINE=MyISAM AUTO_INCREMENT=54 DEFAULT CHARSET=latin1;

--
-- Dumping data for table `admin`
--

INSERT INTO `admin` (`id`, `username`, `password`, `nama`, `whatsapp`, `level`) VALUES
(1, 'admin', '$2y$10$3TAfSfQRKx8qcF9M3aVpfu2yJQZ1dc5Lu9P2GVqW6sU72ZmEGDWXa', 'Administrator', '6285781812171', 1),
(45, 'walikelas20', '$2y$10$6wETI/DgdSTWl8ayIdZm3e/gNL8UAfENzGxp0tiByZKE5qOXGKCv2', 'MOH. NIRWAN HAMID, S.Pd', '6285788939661', 2),
(44, 'walikelas19', '$2y$10$6wETI/DgdSTWl8ayIdZm3e/gNL8UAfENzGxp0tiByZKE5qOXGKCv2', 'TEDY SULTONI, S.Kom', '6285646558466', 2),
(43, 'walikelas18', '$2y$10$6wETI/DgdSTWl8ayIdZm3e/gNL8UAfENzGxp0tiByZKE5qOXGKCv2', 'AHMAD MARZUKI, S.Pd', '6285655338080', 2),
(42, 'walikelas17', '$2y$10$6wETI/DgdSTWl8ayIdZm3e/gNL8UAfENzGxp0tiByZKE5qOXGKCv2', 'MUH MAHRUS ALI R., M.Ag', '6285709908385', 2),
(41, 'walikelas16', '$2y$10$6wETI/DgdSTWl8ayIdZm3e/gNL8UAfENzGxp0tiByZKE5qOXGKCv2', 'MUH. SYAIFUL ANAM, S.Pd', '6281336008320', 2),
(40, 'walikelas15', '$2y$10$6wETI/DgdSTWl8ayIdZm3e/gNL8UAfENzGxp0tiByZKE5qOXGKCv2', 'FUJI ASTUTIK, S.Pd', '6285730200665', 2),
(39, 'walikelas14', '$2y$10$6wETI/DgdSTWl8ayIdZm3e/gNL8UAfENzGxp0tiByZKE5qOXGKCv2', 'AWALIS SHOLIHAH WIDI A., S.Pd', '628563055916', 2),
(38, 'walikelas13', '$2y$10$6wETI/DgdSTWl8ayIdZm3e/gNL8UAfENzGxp0tiByZKE5qOXGKCv2', 'ANANG DWI ARIF F., S.Pd.I', '085733187441', 2),
(37, 'walikelas12', '$2y$10$6wETI/DgdSTWl8ayIdZm3e/gNL8UAfENzGxp0tiByZKE5qOXGKCv2', 'AAN KHUNAIFI, S.Pd', '082228526680', 2),
(36, 'walikelas11', '$2y$10$6wETI/DgdSTWl8ayIdZm3e/gNL8UAfENzGxp0tiByZKE5qOXGKCv2', 'SUHENI, S.Pd', '085732236157', 2),
(35, 'walikelas10', '$2y$10$6wETI/DgdSTWl8ayIdZm3e/gNL8UAfENzGxp0tiByZKE5qOXGKCv2', 'HANIFAH HASNA NUHA, S.Pd', '087856993964', 2),
(34, 'walikelas9', '$2y$10$6wETI/DgdSTWl8ayIdZm3e/gNL8UAfENzGxp0tiByZKE5qOXGKCv2', 'MOCH. SIFAK, M.Pd', '085706589107', 2),
(33, 'walikelas8', '$2y$10$6wETI/DgdSTWl8ayIdZm3e/gNL8UAfENzGxp0tiByZKE5qOXGKCv2', 'FAISAL NUR CAHYO, S.Pd', '085730894489', 2),
(32, 'walikelas7', '$2y$10$6wETI/DgdSTWl8ayIdZm3e/gNL8UAfENzGxp0tiByZKE5qOXGKCv2', 'EMI WIDYASARI, S.Pd', '085691233693', 2),
(31, 'walikelas6', '$2y$10$6wETI/DgdSTWl8ayIdZm3e/gNL8UAfENzGxp0tiByZKE5qOXGKCv2', 'SITI AIDA, S.Pd', '085648493100', 2),
(30, 'walikelas5', '$2y$10$6wETI/DgdSTWl8ayIdZm3e/gNL8UAfENzGxp0tiByZKE5qOXGKCv2', 'MURIYANA HARDIYANI, S.T', '081322521414', 2),
(29, 'walikelas4', '$2y$10$6wETI/DgdSTWl8ayIdZm3e/gNL8UAfENzGxp0tiByZKE5qOXGKCv2', 'NISA AMELIA ROSA P., S.Pd', '088216490577', 2),
(28, 'walikelas3', '$2y$10$6wETI/DgdSTWl8ayIdZm3e/gNL8UAfENzGxp0tiByZKE5qOXGKCv2', 'RIFATUL CHOIRIYAH, S.Pd', '081336732968', 2),
(27, 'walikelas2', '$2y$10$6wETI/DgdSTWl8ayIdZm3e/gNL8UAfENzGxp0tiByZKE5qOXGKCv2', 'MUHAMMAD MASBUHIN, S.Pd', '081246582402', 2),
(26, 'walikelas1', '$2y$10$48zNclN.eC18EMdM9gfVvOZw8fyjsp3szuJV8F9ytlD199pe6R.AW', 'ALFIAN MAIZIR MUFLIH, S.Pd', '6285655144534', 2),
(46, 'walikelas21', '$2y$10$6wETI/DgdSTWl8ayIdZm3e/gNL8UAfENzGxp0tiByZKE5qOXGKCv2', 'DAVID AHMAD ABROR, S.I.Kom', '085784822268', 2),
(47, 'walikelas22', '$2y$10$6wETI/DgdSTWl8ayIdZm3e/gNL8UAfENzGxp0tiByZKE5qOXGKCv2', 'LILIK CHOLIFAH, S.Pd', '085850002766', 2),
(48, 'walikelas23', '$2y$10$6wETI/DgdSTWl8ayIdZm3e/gNL8UAfENzGxp0tiByZKE5qOXGKCv2', 'SITI IIN NUASWAFIN, S.E', '6282232106558', 2),
(49, 'walikelas24', '$2y$10$6wETI/DgdSTWl8ayIdZm3e/gNL8UAfENzGxp0tiByZKE5qOXGKCv2', 'RIA MARINA, S.Pd', '6285853099299', 2);

-- --------------------------------------------------------

--
-- Table structure for table `siswa`
--

DROP TABLE IF EXISTS `siswa`;
CREATE TABLE IF NOT EXISTS `siswa` (
  `id` int(11) NOT NULL AUTO_INCREMENT,
  `nama` varchar(100) NOT NULL,
  `email` varchar(50) NOT NULL,
  `whatsapp_siswa` varchar(20) NOT NULL,
  `whatsapp_wali` varchar(20) NOT NULL,
  `kelas` varchar(20) NOT NULL,
  `tahun_pelajaran` varchar(20) NOT NULL,
  `aktif` int(11) NOT NULL DEFAULT '1',
  PRIMARY KEY (`id`)
) ENGINE=MyISAM AUTO_INCREMENT=708 DEFAULT CHARSET=latin1;

--
-- Dumping data for table `siswa`
--

INSERT INTO `siswa` (`id`, `nama`, `email`, `whatsapp_siswa`, `whatsapp_wali`, `kelas`, `tahun_pelajaran`, `aktif`) VALUES
(2, 'ABDUR ROHMAN FIRDAUS', 'tes@gmail.com', '62857777', '6287878', 'X TKR', '2022/2023', 1),
(3, 'ACHMAD ZAKY', '', '', '', 'X TKR', '2022/2023', 1),
(4, 'ADI DARMAWAN', '', '', '', 'X TKR', '2022/2023', 1),
(5, 'AH. HASANUL FIKRI', '', '', '', 'X TKR', '2022/2023', 1),
(6, 'AH. RIZQI KURNIAWAN', '', '', '', 'X TKR', '2022/2023', 1),
(7, 'AHMAD ARYA RAMADHANI', '', '', '', 'X TKR', '2022/2023', 1),
(8, 'AHMAD ENGGAR PANGESTU', '', '', '', 'X TKR', '2022/2023', 1),
(9, 'AHMAD NUR FAUZAN', '', '', '', 'X TKR', '2022/2023', 1),
(10, 'AHMAD RAFI NUGROHO', '', '', '', 'X TKR', '2022/2023', 1),
(11, 'AHMAD TINO BAGUS ROMADLON', '', '', '', 'X TKR', '2022/2023', 1),
(12, 'AHMAD YANI ADINATA', '', '', '', 'X TKR', '2022/2023', 1),
(13, 'ANDHIKA PRATAMA WIJAYA', '', '', '', 'X TKR', '2022/2023', 1),
(14, 'ANDIKA ARDIANSYAH', '', '', '', 'X TKR', '2022/2023', 1),
(15, 'ARDIANSYAH DWI SETIAWAN', '', '', '', 'X TKR', '2022/2023', 1),
(16, 'BAGUS DIMAS AGUNG PRATAMA', '', '', '', 'X TKR', '2022/2023', 1),
(17, 'BIMA ZUDHA ALVANSYAH', '', '', '', 'X TKR', '2022/2023', 1),
(18, 'DENY ARI WICAKSANA', '', '', '', 'X TKR', '2022/2023', 1),
(19, 'DIMAS BUDIANTO', '', '', '', 'X TKR', '2022/2023', 1),
(20, 'EDO AA RISQY', '', '', '', 'X TKR', '2022/2023', 1),
(21, 'EGA RAHMADANI', '', '', '', 'X TKR', '2022/2023', 1),
(22, 'FAKIH NANDA PRATAMA', '', '', '', 'X TKR', '2022/2023', 1),
(23, 'IBRAM AHMAD NAFIQ', '', '', '', 'X TKR', '2022/2023', 1),
(24, 'KHOKIKUL FAREL', '', '', '', 'X TKR', '2022/2023', 1),
(25, 'M. AFANDI SETIAWAN', '', '', '', 'X TKR', '2022/2023', 1),
(26, 'ALFIAN MAIZIR MUFLIH, S.Pd', '', '', '', 'X TKR', '2022/2023', 1),
(27, 'M. KHOIRU MIFTAHUN SALIS YUSUF', '', '', '', 'X TKR', '2022/2023', 1),
(28, 'M. RICKO SEPTIAWAN', '', '', '', 'X TKR', '2022/2023', 1),
(29, 'M. WILDAN JANGKI DAUSAT', '', '', '', 'X TKR', '2022/2023', 1),
(30, 'M. YOVI ROMADHONI', '', '', '', 'X TKR', '2022/2023', 1),
(31, 'MOCHAMAD DAVA WAHYU IMANSYAH', '', '', '', 'X TKR', '2022/2023', 1),
(32, 'MOH. DANNY ARDIANSYAH', '', '', '', 'X TKR', '2022/2023', 1),
(33, 'MOH. HAKAM AL-FARISI', '', '', '', 'X TKR', '2022/2023', 1),
(34, 'MOH. JALALUDIN NUR ROHMAT', '', '', '', 'X TKR', '2022/2023', 1),
(35, 'MOH. ZAKY AL HARIRI', '', '', '', 'X TKR', '2022/2023', 1),
(36, 'MOHAMAD ALI', '', '', '', 'X TKR', '2022/2023', 1),
(37, 'MOHAMMAD ADITYA DWI PUTRA', '', '', '', 'X TKR', '2022/2023', 1),
(38, 'MUHAMAD IBNU SYAROFI', '', '', '', 'X TKR', '2022/2023', 1),
(39, 'MUHAMMAD ALAN WAHYUDA', '', '', '', 'X TKR', '2022/2023', 1),
(40, 'MUHAMMAD ZAKI RAHMATULLAH', '', '', '', 'X TKR', '2022/2023', 1),
(41, 'NUR RIZQI MAULANA', '', '', '', 'X TKR', '2022/2023', 1),
(42, 'PUGUH SISWO UTOMO', '', '', '', 'X TKR', '2022/2023', 1),
(43, 'RANDIANTO EKA ADI PUTRA', '', '', '', 'X TKR', '2022/2023', 1),
(44, 'REGA ADITYA PRANATA', '', '', '', 'X TKR', '2022/2023', 1),
(45, 'RENO TRIO SAPUTRA', '', '', '', 'X TKR', '2022/2023', 1),
(46, 'VICKY PUTRA AL FARISI', 'vicky@gmail.com', '6287878', '62857767', 'X TKR', '2022/2023', 1),
(47, 'AHMAD LABIB RAMADHAN', '', '', '', 'X TSM', '2022/2023', 1),
(48, 'ANDIKA ALIF ADITYA PRADEWA', '', '', '', 'X TSM', '2022/2023', 1),
(49, 'ANDRA NUHGRAHANA', '', '', '', 'X TSM', '2022/2023', 1),
(50, 'ANDREAN JULIANTO', '', '', '', 'X TSM', '2022/2023', 1),
(51, 'ARDIYAN YULIANTO', '', '', '', 'X TSM', '2022/2023', 1),
(52, 'BAGAS SUGIRI', '', '', '', 'X TSM', '2022/2023', 1),
(53, 'DAVID SAHRUL ROMADLONI', '', '', '', 'X TSM', '2022/2023', 1),
(54, 'DIKA WAHYU AHMAD', '', '', '', 'X TSM', '2022/2023', 1),
(55, 'DIMAS MAULANA', '', '', '', 'X TSM', '2022/2023', 1),
(56, 'EKO DIMAS SETIAWAN', '', '', '', 'X TSM', '2022/2023', 1),
(57, 'FAJRUL FALAH', '', '', '', 'X TSM', '2022/2023', 1),
(58, 'FANDI RAHMAT BAGUSTIO', '', '', '', 'X TSM', '2022/2023', 1),
(59, 'FANNANI RIZKI TRI SYAHPUTRA', '', '', '', 'X TSM', '2022/2023', 1),
(60, 'KHUSNUL MAROM', '', '', '', 'X TSM', '2022/2023', 1),
(61, 'LUCKY PORWA YOGA', '', '', '', 'X TSM', '2022/2023', 1),
(62, 'M. FAISAL ATTABILHAQ', '', '', '', 'X TSM', '2022/2023', 1),
(63, 'M. MASKHABI RIZQI TSANI', '', '', '', 'X TSM', '2022/2023', 1),
(64, 'MAULANA MAGHRIBI PUTRA SABILILLAH', '', '', '', 'X TSM', '2022/2023', 1),
(65, 'MOH RIZKI PRAYOGI', '', '', '', 'X TSM', '2022/2023', 1),
(66, 'MOH. AFIF ARDIANSYAH', '', '', '', 'X TSM', '2022/2023', 1),
(67, 'MOH. DIMAS ADY SAPUTRA', '', '', '', 'X TSM', '2022/2023', 1),
(68, 'MOHAMAD ZUNAIDI', '', '', '', 'X TSM', '2022/2023', 1),
(69, 'MUCHAMAD FAUZAN ABDILLAH', '', '', '', 'X TSM', '2022/2023', 1),
(70, 'MUHAMAD LUKY ROMADON AL.', '', '', '', 'X TSM', '2022/2023', 1),
(71, 'MUHAMMAD WILDAN TAQILLAH', '', '', '', 'X TSM', '2022/2023', 1),
(72, 'MUKHAMAD FAIS', '', '', '', 'X TSM', '2022/2023', 1),
(73, 'NOER MUHAMMAD DLIYAUL HAQ', '', '', '', 'X TSM', '2022/2023', 1),
(74, 'RINTO BOWO ISDANTO', '', '', '', 'X TSM', '2022/2023', 1),
(75, 'RIZKY RAMADHAN AL ARIFI', '', '', '', 'X TSM', '2022/2023', 1),
(76, 'ROBBY JAYA ARMAN SYAH', '', '', '', 'X TSM', '2022/2023', 1),
(77, 'ROBIT SUGARA', '', '', '', 'X TSM', '2022/2023', 1),
(78, 'ROHID NAILUR RIDHO', '', '', '', 'X TSM', '2022/2023', 1),
(79, 'SYAHRUL', '', '', '', 'X TSM', '2022/2023', 1),
(80, 'YOGA SAPUTRA', '', '', '', 'X TSM', '2022/2023', 1),
(81, 'YOGI SAPUTRA', '', '', '', 'X TSM', '2022/2023', 1),
(82, 'ZUDHO KUNCORO', '', '', '', 'X TSM', '2022/2023', 1),
(83, 'ACHMAD AMIR MUSTAMI\'', '', '', '', 'X TKJ', '2022/2023', 1),
(84, 'ACHMAD MIFTAKHUL MUFID', '', '', '', 'X TKJ', '2022/2023', 1),
(85, 'AHMAD FARREL FATKHUR HIDAYAT', '', '', '', 'X TKJ', '2022/2023', 1),
(86, 'AHMAD FIKRI NUR HASAN', '', '', '', 'X TKJ', '2022/2023', 1),
(87, 'AHMAD TRI ARTOKO', '', '', '', 'X TKJ', '2022/2023', 1),
(88, 'AHMAD ZAINAL ABIDIN', '', '', '', 'X TKJ', '2022/2023', 1),
(89, 'ANDI SAPUTRA', '', '', '', 'X TKJ', '2022/2023', 1),
(90, 'ANIN NUR AL FIATIN', '', '', '', 'X TKJ', '2022/2023', 1),
(91, 'AYU FITRIYAH UTAMI', '', '', '', 'X TKJ', '2022/2023', 1),
(92, 'AZRIEL ALFAHREZY AHMAD', '', '', '', 'X TKJ', '2022/2023', 1),
(93, 'CHELSEA VEBICA MUSTOFA', '', '', '', 'X TKJ', '2022/2023', 1),
(94, 'CHELSEA YOLANDA PUTRI', '', '', '', 'X TKJ', '2022/2023', 1),
(95, 'CINDY ZULIANA SAFILTA', '', '', '', 'X TKJ', '2022/2023', 1),
(96, 'DANI ALFA REHZI', '', '', '', 'X TKJ', '2022/2023', 1),
(97, 'DANU HASANUDIN RAMADANI', '', '', '', 'X TKJ', '2022/2023', 1),
(98, 'DEWI SAKDIYATEN KAMILATA', '', '', '', 'X TKJ', '2022/2023', 1),
(99, 'EZHAR LANGIT RAMDHANY', '', '', '', 'X TKJ', '2022/2023', 1),
(100, 'FARREL ULIL ABROR', '', '', '', 'X TKJ', '2022/2023', 1),
(101, 'FUAD MUHAMMAD ASWAD', '', '', '', 'X TKJ', '2022/2023', 1),
(102, 'GRADHITA NAZWA NAYLA PUTRI', '', '', '', 'X TKJ', '2022/2023', 1),
(103, 'IFDAL NAFICHUDDIN', '', '', '', 'X TKJ', '2022/2023', 1),
(104, 'LILIS UMAMI', '', '', '', 'X TKJ', '2022/2023', 1),
(105, 'M. SYARIF HIDAYATULLAH', '', '', '', 'X TKJ', '2022/2023', 1),
(106, 'MAULANA FERNANDA JAVAN EFENDI', '', '', '', 'X TKJ', '2022/2023', 1),
(107, 'MAULIDA SAFIRA KAMILAH', '', '', '', 'X TKJ', '2022/2023', 1),
(108, 'MOCH. ADITYA YAKSA DAWUD', '', '', '', 'X TKJ', '2022/2023', 1),
(109, 'MOCH. SYARIEF MAULANA ABDILLAH', '', '', '', 'X TKJ', '2022/2023', 1),
(110, 'MOH. ALFIN MAULANA AMIN', '', '', '', 'X TKJ', '2022/2023', 1),
(111, 'MOHAMAD ROKHIM', '', '', '', 'X TKJ', '2022/2023', 1),
(112, 'MUHAMAD ULIL NUHA', '', '', '', 'X TKJ', '2022/2023', 1),
(113, 'MUHAMMAD ADIANSYAH', '', '', '', 'X TKJ', '2022/2023', 1),
(114, 'MUHAMMAD BAGAS SAPUTRA', '', '', '', 'X TKJ', '2022/2023', 1),
(115, 'MUHAMMAD RIZAL DWI RAFLI', '', '', '', 'X TKJ', '2022/2023', 1),
(116, 'NADIYAH AFIFAH MIRZA', '', '', '', 'X TKJ', '2022/2023', 1),
(117, 'NANDA DWI PRIYO UTOMO', '', '', '', 'X TKJ', '2022/2023', 1),
(118, 'NAZARUDIN DANIEL ZAKARIYAH', '', '', '', 'X TKJ', '2022/2023', 1),
(119, 'REYVAN ANDHIKA PRATAMA', '', '', '', 'X TKJ', '2022/2023', 1),
(120, 'REZEKY DWI PANGGAYOH MUKTI', '', '', '', 'X TKJ', '2022/2023', 1),
(121, 'RIZKI ULLA MASRUROH', '', '', '', 'X TKJ', '2022/2023', 1),
(122, 'SAEFUL AMIN', '', '', '', 'X TKJ', '2022/2023', 1),
(123, 'SANDY SATRIYO', '', '', '', 'X TKJ', '2022/2023', 1),
(124, 'SATRIA ADI PERMANA', '', '', '', 'X TKJ', '2022/2023', 1),
(125, 'TEGUH HADI SAPUTRA', '', '', '', 'X TKJ', '2022/2023', 1),
(126, 'ZAHROTUS SA\'IDAH', '', '', '', 'X TKJ', '2022/2023', 1),
(127, 'AHMAD FATIKH JALLALUDIN', '', '', '', 'X DKV', '2022/2023', 1),
(128, 'AHMAD IRSYADIL IBAD', '', '', '', 'X DKV', '2022/2023', 1),
(129, 'ALI ABDUL AZIZ', '', '', '', 'X DKV', '2022/2023', 1),
(130, 'ANGGUN TISTA ZALIANTY', '', '', '', 'X DKV', '2022/2023', 1),
(131, 'ASTRID ADE ANANTA WIDANA', '', '', '', 'X DKV', '2022/2023', 1),
(132, 'AYU ALMAIDATUS SAQINAH', '', '', '', 'X DKV', '2022/2023', 1),
(133, 'BUDI SATRIO DAMAR', '', '', '', 'X DKV', '2022/2023', 1),
(134, 'CHANDRA HISABIKHUL KHOIRI PRATAMA', '', '', '', 'X DKV', '2022/2023', 1),
(135, 'CHAYATI NUR ROKHMAH', '', '', '', 'X DKV', '2022/2023', 1),
(136, 'DIVA NUR AULIYAH', '', '', '', 'X DKV', '2022/2023', 1),
(137, 'ELSA INDRIANI JULIA PRABA', '', '', '', 'X DKV', '2022/2023', 1),
(138, 'FAISAL ADITYA RAHMAN', '', '', '', 'X DKV', '2022/2023', 1),
(139, 'FAREL ALBA APRILLANA', '', '', '', 'X DKV', '2022/2023', 1),
(140, 'LUDFIA NUR ANNISA', '', '', '', 'X DKV', '2022/2023', 1),
(141, 'M. AFIFUR ROHMAN', '', '', '', 'X DKV', '2022/2023', 1),
(142, 'M. FAISAL ASY\'ARI', '', '', '', 'X DKV', '2022/2023', 1),
(143, 'M. FAREL ADI FIRMANSYAH', '', '', '', 'X DKV', '2022/2023', 1),
(144, 'M. FAUZAN ADHIM', '', '', '', 'X DKV', '2022/2023', 1),
(145, 'M. JAMIL ASH SHIDIQ', '', '', '', 'X DKV', '2022/2023', 1),
(146, 'M. SYAIKHUL ADI CAHYO', '', '', '', 'X DKV', '2022/2023', 1),
(147, 'MARCELL AHMAD MAULANA ROFIQI', '', '', '', 'X DKV', '2022/2023', 1),
(148, 'MELISA DWIYANTI AZ-ZAHRA', '', '', '', 'X DKV', '2022/2023', 1),
(149, 'MOH. AMIR ROMADHON', '', '', '', 'X DKV', '2022/2023', 1),
(150, 'MOH. ARIFKI DIMAS NUR SHOLAKHUDIN', '', '', '', 'X DKV', '2022/2023', 1),
(151, 'MUH. AIZHIR RAFI R', '', '', '', 'X DKV', '2022/2023', 1),
(152, 'MUHAMMAD DEDY PANCA SAPUTRA', '', '', '', 'X DKV', '2022/2023', 1),
(153, 'MUHAMMAD MA\'RUF', '', '', '', 'X DKV', '2022/2023', 1),
(154, 'MUHAMMAD SULTAN JIBRIL SUFI RAFSANJANI', '', '', '', 'X DKV', '2022/2023', 1),
(155, 'NABILLAH ALFIANA', '', '', '', 'X DKV', '2022/2023', 1),
(156, 'NAZILA AZMIYATUL HUSNA', '', '', '', 'X DKV', '2022/2023', 1),
(157, 'NUR MUSTAHLIYATUL HAKIMAH', '', '', '', 'X DKV', '2022/2023', 1),
(158, 'PUTRA WAHYU ZULFIKAR', '', '', '', 'X DKV', '2022/2023', 1),
(159, 'PUTRIANA MARSELA', '', '', '', 'X DKV', '2022/2023', 1),
(160, 'REGITA BILQIS R.', '', '', '', 'X DKV', '2022/2023', 1),
(161, 'REVA JULIA MAS\'ULLA', '', '', '', 'X DKV', '2022/2023', 1),
(162, 'THORIQ AGUNG TAMIMI', '', '', '', 'X DKV', '2022/2023', 1),
(163, 'TONI ADI SAPUTRA', '', '', '', 'X DKV', '2022/2023', 1),
(164, 'ALEVAN SYAFI\'IN', '', '', '', 'X Ak', '2022/2023', 1),
(165, 'ALYA REVALINA DWI AGUSTIN', '', '', '', 'X Ak', '2022/2023', 1),
(166, 'AMALIA MIFTAKHUL FIRDA', '', '', '', 'X Ak', '2022/2023', 1),
(167, 'AMY DIYANTI', '', '', '', 'X Ak', '2022/2023', 1),
(168, 'ARFA AINUN NADIA', '', '', '', 'X Ak', '2022/2023', 1),
(169, 'AYU WULANDARI', '', '', '', 'X Ak', '2022/2023', 1),
(170, 'CINDI AULIA ALFIRIANI', '', '', '', 'X Ak', '2022/2023', 1),
(171, 'CINTA KIRANA MENTARI', '', '', '', 'X Ak', '2022/2023', 1),
(172, 'DHEA FARIKHA RISMA AGUSTINA', '', '', '', 'X Ak', '2022/2023', 1),
(173, 'ENTINA SILFIANA', '', '', '', 'X Ak', '2022/2023', 1),
(174, 'FADHILATUL RIZKY MAULADINA', '', '', '', 'X Ak', '2022/2023', 1),
(175, 'FARRA DILLATUS SHOLIHAH', '', '', '', 'X Ak', '2022/2023', 1),
(176, 'HAVIL NASKI PUTRA PRATAMA', '', '', '', 'X Ak', '2022/2023', 1),
(177, 'INTAN NUR AINI', '', '', '', 'X Ak', '2022/2023', 1),
(178, 'KEYSA SALWA LABIBAH', '', '', '', 'X Ak', '2022/2023', 1),
(179, 'LISTYA ANGGRAENI', '', '', '', 'X Ak', '2022/2023', 1),
(180, 'M. RICHO TRI PRASTIAN HADI', '', '', '', 'X Ak', '2022/2023', 1),
(181, 'MAHFUDHOTUS TALISTAH', '', '', '', 'X Ak', '2022/2023', 1),
(182, 'MERICHA APRILIA PUTRI', '', '', '', 'X Ak', '2022/2023', 1),
(183, 'NADYNE KHOLIFATUL IZZAH', '', '', '', 'X Ak', '2022/2023', 1),
(184, 'NAYLA HAMIDAH AGUSTINA', '', '', '', 'X Ak', '2022/2023', 1),
(185, 'NEZA ALEXANDRA', '', '', '', 'X Ak', '2022/2023', 1),
(186, 'NOVA HERLINA', '', '', '', 'X Ak', '2022/2023', 1),
(187, 'NUR LAILI RAMADHANI', '', '', '', 'X Ak', '2022/2023', 1),
(188, 'NURUL KOMARIYAH', '', '', '', 'X Ak', '2022/2023', 1),
(189, 'PRAMUDYA VAGA AZRA DEVANO', '', '', '', 'X Ak', '2022/2023', 1),
(190, 'SISKA DWI APRILIANTI', '', '', '', 'X Ak', '2022/2023', 1),
(191, 'SRI BUNGA LESTARI', '', '', '', 'X Ak', '2022/2023', 1),
(192, 'TIO TENGKU PANGESTU', '', '', '', 'X Ak', '2022/2023', 1),
(193, 'TRI DEWI RUSDIANA', '', '', '', 'X Ak', '2022/2023', 1),
(194, 'VERA AMELIA MELINDA', '', '', '', 'X Ak', '2022/2023', 1),
(195, 'WINDA MAESAROH', '', '', '', 'X Ak', '2022/2023', 1),
(196, 'ZAIDATUL RIF\'AF RAMADHANI', '', '', '', 'X Ak', '2022/2023', 1),
(197, 'ANNA TASYA MARSEILAH MARSYAH', '', '', '', 'X LPb', '2022/2023', 1),
(198, 'AZIZAH', '', '', '', 'X LPb', '2022/2023', 1),
(199, 'BA\'DIATUL FITHRIYAH', '', '', '', 'X LPb', '2022/2023', 1),
(200, 'CENDI RIANA PUTRI', '', '', '', 'X LPb', '2022/2023', 1),
(201, 'ELFA DWI ALFINAH', '', '', '', 'X LPb', '2022/2023', 1),
(202, 'INTAN ARYANTI AGUSTINA', '', '', '', 'X LPb', '2022/2023', 1),
(203, 'KINANTI MAISYAROTUN NISA', '', '', '', 'X LPb', '2022/2023', 1),
(204, 'LIVIA TRI ANATASYA', '', '', '', 'X LPb', '2022/2023', 1),
(205, 'MAHMUDAH', '', '', '', 'X LPb', '2022/2023', 1),
(206, 'MEI KHUSNUL AFIFAH', '', '', '', 'X LPb', '2022/2023', 1),
(207, 'NAJDHIYATUN ALYSSA PUTRI', '', '', '', 'X LPb', '2022/2023', 1),
(208, 'SHELLA ALKHAMDULILLAH AULIYA KIRANA', '', '', '', 'X LPb', '2022/2023', 1),
(209, 'SILVI NUR LIDYA', '', '', '', 'X LPb', '2022/2023', 1),
(210, 'SITI FATIMAH', '', '', '', 'X LPb', '2022/2023', 1),
(211, 'VERLITA TRI AULIA SARI', '', '', '', 'X LPb', '2022/2023', 1),
(212, 'ADITYA FARID AL SHOLEH', '', '', '', 'X BD', '2022/2023', 1),
(213, 'ADY PUTRA FIRHANSYAH', '', '', '', 'X BD', '2022/2023', 1),
(214, 'AFITRIN ULANSARI', '', '', '', 'X BD', '2022/2023', 1),
(215, 'ALISYA FARIHATUS SHOLIAH', '', '', '', 'X BD', '2022/2023', 1),
(216, 'AZZAHRAH SHALSABILAH', '', '', '', 'X BD', '2022/2023', 1),
(217, 'BIMA FATHIR THORIQUL HAMDA', '', '', '', 'X BD', '2022/2023', 1),
(218, 'CHANDRA WATY', '', '', '', 'X BD', '2022/2023', 1),
(219, 'CINTA AGUSTINA LESTARI', '', '', '', 'X BD', '2022/2023', 1),
(220, 'DESY AULIDIA', '', '', '', 'X BD', '2022/2023', 1),
(221, 'DIAJENG SEKARINI BUANA', '', '', '', 'X BD', '2022/2023', 1),
(222, 'FIKA MAYA SARI', '', '', '', 'X BD', '2022/2023', 1),
(223, 'JULIANA ZAHRA KAUTSARANI', '', '', '', 'X BD', '2022/2023', 1),
(224, 'KHOFIFA KHOIRUN NISA', '', '', '', 'X BD', '2022/2023', 1),
(225, 'KURNIAWAN MUHAMMAD IMAM MUZAKI', '', '', '', 'X BD', '2022/2023', 1),
(226, 'MARSYAH INTAN LESTARI', '', '', '', 'X BD', '2022/2023', 1),
(227, 'MOHAMMAD FAJAR ROMADHON', '', '', '', 'X BD', '2022/2023', 1),
(228, 'NADIN TITANIA WINATA', '', '', '', 'X BD', '2022/2023', 1),
(229, 'NURUL HIDAYATI', '', '', '', 'X BD', '2022/2023', 1),
(230, 'PUTRI KAYA HATI', '', '', '', 'X BD', '2022/2023', 1),
(231, 'RANI ROIKHATUL FAUZIAH', '', '', '', 'X BD', '2022/2023', 1),
(232, 'SHIFA ADHILLA PUTRI', '', '', '', 'X BD', '2022/2023', 1),
(233, 'ZULI EKA NINGRUM DAMAIYANTI', '', '', '', 'X BD', '2022/2023', 1),
(234, 'AHMAD NIZAM', '', '', '', 'XI TKRO', '2022/2023', 1),
(235, 'AHMAD RIZALDI', '', '', '', 'XI TKRO', '2022/2023', 1),
(236, 'AHMAD ZUNAN AFANDI', '', '', '', 'XI TKRO', '2022/2023', 1),
(237, 'ALIMUDDIN AHMAD', '', '', '', 'XI TKRO', '2022/2023', 1),
(238, 'BILLI WIDIANTO', '', '', '', 'XI TKRO', '2022/2023', 1),
(239, 'DEBBY ARDIANSYAH RAMADHANI', '', '', '', 'XI TKRO', '2022/2023', 1),
(240, 'DIMAS ADIT SAPUTRA', '', '', '', 'XI TKRO', '2022/2023', 1),
(241, 'DWI ADI SUSANTO', '', '', '', 'XI TKRO', '2022/2023', 1),
(242, 'FADHIL CAHYA SATYA GAMA', '', '', '', 'XI TKRO', '2022/2023', 1),
(243, 'FEBRI', '', '', '', 'XI TKRO', '2022/2023', 1),
(244, 'FEBRIAN EKA ADITYA', '', '', '', 'XI TKRO', '2022/2023', 1),
(245, 'IKFIRUL HAQQUL YAQIN', '', '', '', 'XI TKRO', '2022/2023', 1),
(246, 'IKLIL FUADI', '', '', '', 'XI TKRO', '2022/2023', 1),
(247, 'M. ANDHIKA RIDHO ASNANTO', '', '', '', 'XI TKRO', '2022/2023', 1),
(248, 'MUHAMMAD HANIF SAPUTRO', '', '', '', 'XI TKRO', '2022/2023', 1),
(249, 'M. KHABIB UBAIDILLAH', '', '', '', 'XI TKRO', '2022/2023', 1),
(250, 'MOHAMAD ZILDAN NAUVAL HABIBY', '', '', '', 'XI TKRO', '2022/2023', 1),
(251, 'M.WAFIYYUL AHDI AL-ASHARI', '', '', '', 'XI TKRO', '2022/2023', 1),
(252, 'MAULANA CANDRA HANDOYO', '', '', '', 'XI TKRO', '2022/2023', 1),
(253, 'MOCHAMMAD RANDI PRASETYO', '', '', '', 'XI TKRO', '2022/2023', 1),
(254, 'MOH. RIFKI DWI AGUNG ALFIAN', '', '', '', 'XI TKRO', '2022/2023', 1),
(255, 'MOH. SELAMET FIRMAN', '', '', '', 'XI TKRO', '2022/2023', 1),
(256, 'MOHAMAD HAIKAL FAIZ', '', '', '', 'XI TKRO', '2022/2023', 1),
(257, 'MOHAMAD ZAKIH YONGKI ALAMSAH', '', '', '', 'XI TKRO', '2022/2023', 1),
(258, 'MOHAMMAD DEKA ROMADHONI', '', '', '', 'XI TKRO', '2022/2023', 1),
(259, 'MOHAMMAD HILMI ABAS', '', '', '', 'XI TKRO', '2022/2023', 1),
(260, 'MOHAMMAD SUFYAN ASSAURI', '', '', '', 'XI TKRO', '2022/2023', 1),
(261, 'MUHAMAD NUR QOIS', '', '', '', 'XI TKRO', '2022/2023', 1),
(262, 'MUHAMMAD MUHOPAR', '', '', '', 'XI TKRO', '2022/2023', 1),
(263, 'NASERUL SARIFUDIN', '', '', '', 'XI TKRO', '2022/2023', 1),
(264, 'RAHMAT HIDAYATULLAH', '', '', '', 'XI TKRO', '2022/2023', 1),
(265, 'SURYA MANDALA PUTRA', '', '', '', 'XI TKRO', '2022/2023', 1),
(266, 'WAHYU ABIMANYU SYAPUTRA', '', '', '', 'XI TKRO', '2022/2023', 1),
(267, 'ZAKKA ALVIANSYAH', '', '', '', 'XI TKRO', '2022/2023', 1),
(268, 'AHMAD AFANDI', '', '', '', 'XI TBSM', '2022/2023', 1),
(269, 'AHMAD KHAFID FATHONI AL BAIHAQI', '', '', '', 'XI TBSM', '2022/2023', 1),
(270, 'AHMAD VIYU ANDREANSYAH', '', '', '', 'XI TBSM', '2022/2023', 1),
(271, 'ANDIKA DWI NOVA RISWANTO', '', '', '', 'XI TBSM', '2022/2023', 1),
(272, 'ANDREAN NADA LESMANA', '', '', '', 'XI TBSM', '2022/2023', 1),
(273, 'ARFIN FIRMANSYAH', '', '', '', 'XI TBSM', '2022/2023', 1),
(274, 'ARMAN ARDIANSYAH', '', '', '', 'XI TBSM', '2022/2023', 1),
(275, 'DANIEL EVAN MASRULLAH', '', '', '', 'XI TBSM', '2022/2023', 1),
(276, 'DANISH MAULIDANI', '', '', '', 'XI TBSM', '2022/2023', 1),
(277, 'DENY HIZBULLAH', '', '', '', 'XI TBSM', '2022/2023', 1),
(278, 'FAISAL ARDIANSYA', '', '', '', 'XI TBSM', '2022/2023', 1),
(279, 'ILHAM HIDAYAH PRIYASAVITRA PUTRA', '', '', '', 'XI TBSM', '2022/2023', 1),
(280, 'MIFTAHUL ELLY TRISWANTO', '', '', '', 'XI TBSM', '2022/2023', 1),
(281, 'MOH. AZIK HAQIQI', '', '', '', 'XI TBSM', '2022/2023', 1),
(282, 'MOH. FERDI ROHMAN MAULANA', '', '', '', 'XI TBSM', '2022/2023', 1),
(283, 'MOHAMMAD ARIS FAIZUN', '', '', '', 'XI TBSM', '2022/2023', 1),
(284, 'MUHAMMAD ARIEL ARIANSYAH', '', '', '', 'XI TBSM', '2022/2023', 1),
(285, 'MUHAMMAD BURHANUDIN YUSUF', '', '', '', 'XI TBSM', '2022/2023', 1),
(286, 'MUHAMMAD IRFA\' ARDIANSYAH', '', '', '', 'XI TBSM', '2022/2023', 1),
(287, 'MUHAMMAD KHOLIQUL BAARI\'', '', '', '', 'XI TBSM', '2022/2023', 1),
(288, 'MUHAMMAD NAFIUL WAHYUDI', '', '', '', 'XI TBSM', '2022/2023', 1),
(289, 'MUHAMMAD SHOLAHUDDIN HARDI', '', '', '', 'XI TBSM', '2022/2023', 1),
(290, 'NURUL AMURIL', '', '', '', 'XI TBSM', '2022/2023', 1),
(291, 'RAMA ARDIANSYAH', '', '', '', 'XI TBSM', '2022/2023', 1),
(292, 'RIZAL TRIPUTRA SUPRIAJI', '', '', '', 'XI TBSM', '2022/2023', 1),
(293, 'SYAHRUL ABIDIN', '', '', '', 'XI TBSM', '2022/2023', 1),
(294, 'WISMA SAFIUL ASHAR', '', '', '', 'XI TBSM', '2022/2023', 1),
(295, 'YUDHITIYA PRATAMA', '', '', '', 'XI TBSM', '2022/2023', 1),
(296, 'ACHMAD MASLAHUL AFIF', '', '', '', 'XI TKJ 1', '2022/2023', 1),
(297, 'AGNES RETNANING LESTARI', '', '', '', 'XI TKJ 1', '2022/2023', 1),
(298, 'ACHMAD MAULIDAN FIRMANSYAH', '', '', '', 'XI TKJ 1', '2022/2023', 1),
(299, 'AHMAD YUDA', '', '', '', 'XI TKJ 1', '2022/2023', 1),
(300, 'AIDIL ROSLINDA TRIHARTATI', '', '', '', 'XI TKJ 1', '2022/2023', 1),
(301, 'ANISATUL ALIFAH', '', '', '', 'XI TKJ 1', '2022/2023', 1),
(302, 'ARYA SAPUTRA', '', '', '', 'XI TKJ 1', '2022/2023', 1),
(303, 'EKA ARDIANSYA', '', '', '', 'XI TKJ 1', '2022/2023', 1),
(304, 'HAMDAN FIRDAUS', '', '', '', 'XI TKJ 1', '2022/2023', 1),
(305, 'HENDRI KURNIAWAN', '', '', '', 'XI TKJ 1', '2022/2023', 1),
(306, 'HENDRO KARTIKO', '', '', '', 'XI TKJ 1', '2022/2023', 1),
(307, 'HIMATUR RIF\'AH', '', '', '', 'XI TKJ 1', '2022/2023', 1),
(308, 'M. ADIB SIFAUN NAJA', '', '', '', 'XI TKJ 1', '2022/2023', 1),
(309, 'M. AMIN', '', '', '', 'XI TKJ 1', '2022/2023', 1),
(310, 'M. FADLIL UBAIDILLAH', '', '', '', 'XI TKJ 1', '2022/2023', 1),
(311, 'MUHAMMAD GALANG RIZKULLOH', '', '', '', 'XI TKJ 1', '2022/2023', 1),
(312, 'M. HABIBURROHMAN AL-FATHIR', '', '', '', 'XI TKJ 1', '2022/2023', 1),
(313, 'M. ZAINUL IKHWAN', '', '', '', 'XI TKJ 1', '2022/2023', 1),
(314, 'MIR\'ATUL HANIK', '', '', '', 'XI TKJ 1', '2022/2023', 1),
(315, 'MOH. LABIB FIRMANSA', '', '', '', 'XI TKJ 1', '2022/2023', 1),
(316, 'MOH. PERMADI', '', '', '', 'XI TKJ 1', '2022/2023', 1),
(317, 'MOHAMMAD FAHIM RUSDI', '', '', '', 'XI TKJ 1', '2022/2023', 1),
(318, 'MOHAMMAD BAKHTIAR AL ARIF', '', '', '', 'XI TKJ 1', '2022/2023', 1),
(319, 'MUH. ELFANDZA UBAIDILLAH FAQIH', '', '', '', 'XI TKJ 1', '2022/2023', 1),
(320, 'MUHAMAD IRBAKHUL ABIDIN', '', '', '', 'XI TKJ 1', '2022/2023', 1),
(321, 'MUHAMMAD FAJAR ARIFIANTO', '', '', '', 'XI TKJ 1', '2022/2023', 1),
(322, 'RIZA NURUL MAZIDAH', '', '', '', 'XI TKJ 1', '2022/2023', 1),
(323, 'SANDHI WIRAYUDHA', '', '', '', 'XI TKJ 1', '2022/2023', 1),
(324, 'SHERIF FIRLY ARDIANSA', '', '', '', 'XI TKJ 1', '2022/2023', 1),
(325, 'YULI AYU AZIZAH', '', '', '', 'XI TKJ 1', '2022/2023', 1),
(326, 'ZORIE ALUANO', '', '', '', 'XI TKJ 1', '2022/2023', 1),
(327, 'ABIM HALID MAULANA', '', '', '', 'XI TKJ 2', '2022/2023', 1),
(328, 'ACHMAD NUR HASYIM', '', '', '', 'XI TKJ 2', '2022/2023', 1),
(329, 'ALFIAN BAGUS KURNIAWAN', '', '', '', 'XI TKJ 2', '2022/2023', 1),
(330, 'ALVA RIZKI HIDAYATULLA', '', '', '', 'XI TKJ 2', '2022/2023', 1),
(331, 'ANGELINA SAFARA', '', '', '', 'XI TKJ 2', '2022/2023', 1),
(332, 'ARLIENGGA DINATA TUBAGUS RIZA', '', '', '', 'XI TKJ 2', '2022/2023', 1),
(333, 'ARTIKA SAFINA PUTRI', '', '', '', 'XI TKJ 2', '2022/2023', 1),
(334, 'ARYA ERLANGGA', '', '', '', 'XI TKJ 2', '2022/2023', 1),
(335, 'AZUAN SYAHPUTRA', '', '', '', 'XI TKJ 2', '2022/2023', 1),
(336, 'DESI PUTRI YULI MAYASARI', '', '', '', 'XI TKJ 2', '2022/2023', 1),
(337, 'GRILIAN INDY DANIAR', '', '', '', 'XI TKJ 2', '2022/2023', 1),
(338, 'HILDAN RAMADHAN', '', '', '', 'XI TKJ 2', '2022/2023', 1),
(339, 'IZZUDIN IMMAMUL HAQQI', '', '', '', 'XI TKJ 2', '2022/2023', 1),
(340, 'MUHAMMAD ALI MURTADHO', '', '', '', 'XI TKJ 2', '2022/2023', 1),
(341, 'M. DIAZ FAHRIZAL', '', '', '', 'XI TKJ 2', '2022/2023', 1),
(342, 'MOH. ABIM DWI AGUSTIAN', '', '', '', 'XI TKJ 2', '2022/2023', 1),
(343, 'MOH. RAFAEL ABRARI', '', '', '', 'XI TKJ 2', '2022/2023', 1),
(344, 'MOH. RIFQI DWI ARDIANSYAH', '', '', '', 'XI TKJ 2', '2022/2023', 1),
(345, 'MOHAMAD ADITTYA', '', '', '', 'XI TKJ 2', '2022/2023', 1),
(346, 'MOHAMMAD ALFIN ANDRIAN', '', '', '', 'XI TKJ 2', '2022/2023', 1),
(347, 'MUH. RAKHA FIAN DARMAWAN', '', '', '', 'XI TKJ 2', '2022/2023', 1),
(348, 'MUHAMMAD ABID MASBUKHIN', '', '', '', 'XI TKJ 2', '2022/2023', 1),
(349, 'MUHAMMAD FERDY', '', '', '', 'XI TKJ 2', '2022/2023', 1),
(350, 'MUHAMMAD IQBAL BAEHAQI', '', '', '', 'XI TKJ 2', '2022/2023', 1),
(351, 'MUHAMMAD NABIL ANNADZILI', '', '', '', 'XI TKJ 2', '2022/2023', 1),
(352, 'NIKEN NEZA LESTARI', '', '', '', 'XI TKJ 2', '2022/2023', 1),
(353, 'RAHMAT ILHAM NURBAYU', '', '', '', 'XI TKJ 2', '2022/2023', 1),
(354, 'RIZKI AGRO PRAMONO', '', '', '', 'XI TKJ 2', '2022/2023', 1),
(355, 'SEPTIAN VANESA JUNIOR ARTHA DINATA', '', '', '', 'XI TKJ 2', '2022/2023', 1),
(356, 'SRI AYU DARWANI', '', '', '', 'XI TKJ 2', '2022/2023', 1),
(357, 'VIVI ZAIFATUL MACHMUDIYAH', '', '', '', 'XI TKJ 2', '2022/2023', 1),
(358, 'AFFIN SYUHRO HAMDI', '', '', '', 'XI MM', '2022/2023', 1),
(359, 'AHMAD KHARIRI', '', '', '', 'XI MM', '2022/2023', 1),
(360, 'AHMAD RAFI\'UDDARAJAD ALBAR', '', '', '', 'XI MM', '2022/2023', 1),
(361, 'AMELIA SYAHARI', '', '', '', 'XI MM', '2022/2023', 1),
(362, 'ANIKA', '', '', '', 'XI MM', '2022/2023', 1),
(363, 'FADYA NAJWATUL UMMAH', '', '', '', 'XI MM', '2022/2023', 1),
(364, 'FERDINAN DAVY ROHANDHIKA', '', '', '', 'XI MM', '2022/2023', 1),
(365, 'GILANG RAMADHAN', '', '', '', 'XI MM', '2022/2023', 1),
(366, 'KHOIRUN NISA\'', '', '', '', 'XI MM', '2022/2023', 1),
(367, 'M. I\'AM BAGUS SAPUTRA', '', '', '', 'XI MM', '2022/2023', 1),
(368, 'MOHAMAD PANJI BAGUS SAJIWO', '', '', '', 'XI MM', '2022/2023', 1),
(369, 'M. RENDI PUTRA. A', '', '', '', 'XI MM', '2022/2023', 1),
(370, 'M. SIROTOL MUSTAQIM', '', '', '', 'XI MM', '2022/2023', 1),
(371, 'MAS AFDHOLI ROMADHON', '', '', '', 'XI MM', '2022/2023', 1),
(372, 'MOH. WAHYU DWI PRASETYO', '', '', '', 'XI MM', '2022/2023', 1),
(373, 'MOHAMMAD YUSUF', '', '', '', 'XI MM', '2022/2023', 1),
(374, 'MOHAMMAD ZAKY IRSYAD MUHAIMIN', '', '', '', 'XI MM', '2022/2023', 1),
(375, 'MORENO PUTRA MAHADI', '', '', '', 'XI MM', '2022/2023', 1),
(376, 'MUHAMMAD ANGGA SAPUTRA', '', '', '', 'XI MM', '2022/2023', 1),
(377, 'MUHAMMAD ARYA DILLA EVENDI', '', '', '', 'XI MM', '2022/2023', 1),
(378, 'MUHAMMAD FAIZ DWI SUSANTO', '', '', '', 'XI MM', '2022/2023', 1),
(379, 'MUHAMMAD FERE SAPUTRA', '', '', '', 'XI MM', '2022/2023', 1),
(380, 'MUHAMMAD RISQI ALDI PRASETYO', '', '', '', 'XI MM', '2022/2023', 1),
(381, 'NASRULLAH DEVA ARFIANSYAH', '', '', '', 'XI MM', '2022/2023', 1),
(382, 'NUR AFIYA PUTRI', '', '', '', 'XI MM', '2022/2023', 1),
(383, 'RAFI RAHMAN HAKIM', '', '', '', 'XI MM', '2022/2023', 1),
(384, 'SAFITRI DEWI INDAH SARI', '', '', '', 'XI MM', '2022/2023', 1),
(385, 'SALWA HANINA SALSABILAH', '', '', '', 'XI MM', '2022/2023', 1),
(386, 'SHOLAHUDDIN WAHID', '', '', '', 'XI MM', '2022/2023', 1),
(387, 'SOFIYAH ROHMAH', '', '', '', 'XI MM', '2022/2023', 1),
(388, 'SYED UMAR SYAIFULLAH', '', '', '', 'XI MM', '2022/2023', 1),
(389, 'TANSYA FATIKA SARI', '', '', '', 'XI MM', '2022/2023', 1),
(390, 'ZUNI MUJIYANTI ANDINI', '', '', '', 'XI MM', '2022/2023', 1),
(391, 'AFLA AULIA RAHMAH', '', '', '', 'XI AKL', '2022/2023', 1),
(392, 'ANA SETIAWATI', '', '', '', 'XI AKL', '2022/2023', 1),
(393, 'ANGGUN DWI JUNIAR', '', '', '', 'XI AKL', '2022/2023', 1),
(394, 'ANGGUN TRI ASTUTIK', '', '', '', 'XI AKL', '2022/2023', 1),
(395, 'AULIA RAHMAH SARI', '', '', '', 'XI AKL', '2022/2023', 1),
(396, 'AYU FEBRIANI ASTUTIK', '', '', '', 'XI AKL', '2022/2023', 1),
(397, 'AYU LESTARI RAMADHANI', '', '', '', 'XI AKL', '2022/2023', 1),
(398, 'DEVIANA LIA ANGGRAINI', '', '', '', 'XI AKL', '2022/2023', 1),
(399, 'DEWI CINDY AYU RAMADHANI', '', '', '', 'XI AKL', '2022/2023', 1),
(400, 'DINDA AYU LESTARI', '', '', '', 'XI AKL', '2022/2023', 1),
(401, 'DWI PUTRI APRILLIA NINGSIH', '', '', '', 'XI AKL', '2022/2023', 1),
(402, 'ERLY THALIA SAFITRI', '', '', '', 'XI AKL', '2022/2023', 1),
(403, 'FAUZIYAH CAHYA KARTIKA', '', '', '', 'XI AKL', '2022/2023', 1),
(404, 'FRETI EKA REVALIYAH', '', '', '', 'XI AKL', '2022/2023', 1),
(405, 'ISTIKOMATUL MAYSAROH', '', '', '', 'XI AKL', '2022/2023', 1),
(406, 'KHOFIFA BUNGA APRILIA', '', '', '', 'XI AKL', '2022/2023', 1),
(407, 'MUHAMMAD AZZAK ADITIYA', '', '', '', 'XI AKL', '2022/2023', 1),
(408, 'M. USMAN SHODQ', '', '', '', 'XI AKL', '2022/2023', 1),
(409, 'MUHAMMAD RAFI MUMTAZ', '', '', '', 'XI AKL', '2022/2023', 1),
(410, 'MUTYA FEBRIANDINI', '', '', '', 'XI AKL', '2022/2023', 1),
(411, 'NAZIIH DIYANTI SEKTI', '', '', '', 'XI AKL', '2022/2023', 1),
(412, 'NUR OCTAVIA H. R', '', '', '', 'XI AKL', '2022/2023', 1),
(413, 'NUR SYAWAL RIZAL ABIDIN', '', '', '', 'XI AKL', '2022/2023', 1),
(414, 'PUTRI AYU DWI FITRIYAH', '', '', '', 'XI AKL', '2022/2023', 1),
(415, 'RIRIN TIFATUR ROHMAH RAKASIWI', '', '', '', 'XI AKL', '2022/2023', 1),
(416, 'SALVA NABILA', '', '', '', 'XI AKL', '2022/2023', 1),
(417, 'SALWA SALSABILLA RIFDATUL HABIBA', '', '', '', 'XI AKL', '2022/2023', 1),
(418, 'SEVIYA ZUDIA SARI', '', '', '', 'XI AKL', '2022/2023', 1),
(419, 'SITI NABILA ANJANI', '', '', '', 'XI AKL', '2022/2023', 1),
(420, 'TAMARA AYU PERMATA SARI', '', '', '', 'XI AKL', '2022/2023', 1),
(421, 'VERAWATI FAJRIN', '', '', '', 'XI AKL', '2022/2023', 1),
(422, 'WAFIKH NUR AZIZAH', '', '', '', 'XI AKL', '2022/2023', 1),
(423, 'WIDAH TUL AULIA', '', '', '', 'XI AKL', '2022/2023', 1),
(424, 'YUNITA MULYA ANGGRAINI', '', '', '', 'XI AKL', '2022/2023', 1),
(425, 'AJENG DEALOVA DITIN RAMADONI', '', '', '', 'XI PKM', '2022/2023', 1),
(426, 'ALEXSA EKA FARANITA', '', '', '', 'XI PKM', '2022/2023', 1),
(427, 'ANGGUN DWI KAMILIA', '', '', '', 'XI PKM', '2022/2023', 1),
(428, 'ARTIKA SARI DEWI', '', '', '', 'XI PKM', '2022/2023', 1),
(429, 'AZIZAH QULTUM MASJIHA', '', '', '', 'XI PKM', '2022/2023', 1),
(430, 'DELA EVI PRATIWI', '', '', '', 'XI PKM', '2022/2023', 1),
(431, 'DELIA DWI CHANDRAWASIH', '', '', '', 'XI PKM', '2022/2023', 1),
(432, 'ERLIYANA', '', '', '', 'XI PKM', '2022/2023', 1),
(433, 'FARIDAH MARIATUL KIBTIYAH', '', '', '', 'XI PKM', '2022/2023', 1),
(434, 'FAUZIYATUL MILADIYA', '', '', '', 'XI PKM', '2022/2023', 1),
(435, 'FEBRIANI FALLAH', '', '', '', 'XI PKM', '2022/2023', 1),
(436, 'FEBRIYANA RIZKI AMELIANA', '', '', '', 'XI PKM', '2022/2023', 1),
(437, 'HANIFA NUR FADHILAH', '', '', '', 'XI PKM', '2022/2023', 1),
(438, 'INDRIATI AYU NINGTYAS', '', '', '', 'XI PKM', '2022/2023', 1),
(439, 'IRA WAHYU ANGGRAENI', '', '', '', 'XI PKM', '2022/2023', 1),
(440, 'MEDIANA SARI', '', '', '', 'XI PKM', '2022/2023', 1),
(441, 'NABILA FITRIATUS SIAM', '', '', '', 'XI PKM', '2022/2023', 1),
(442, 'NURUL SHOLIKHAH', '', '', '', 'XI PKM', '2022/2023', 1),
(443, 'RENCY ZULIEN SAFIRA', '', '', '', 'XI PKM', '2022/2023', 1),
(444, 'RISKA RAHMAWATI', '', '', '', 'XI PKM', '2022/2023', 1),
(445, 'SINTIA NUR RIZKY', '', '', '', 'XI PKM', '2022/2023', 1),
(446, 'ZAIDATUL AWALIA', '', '', '', 'XI PKM', '2022/2023', 1),
(447, 'ALEF TARIA', '', '', '', 'XI BDP', '2022/2023', 1),
(448, 'ANANDA DWI NUR RAHMAH', '', '', '', 'XI BDP', '2022/2023', 1),
(449, 'ANGGUN AULIA MAHARANI', '', '', '', 'XI BDP', '2022/2023', 1),
(450, 'ARIFATUL HANIFAH', '', '', '', 'XI BDP', '2022/2023', 1),
(451, 'BELLA CAHAYA MIRINDAH', '', '', '', 'XI BDP', '2022/2023', 1),
(452, 'CHELSY ANDREA SAFITRI', '', '', '', 'XI BDP', '2022/2023', 1),
(453, 'CHINTYA DWI NOVITA SARI', '', '', '', 'XI BDP', '2022/2023', 1),
(454, 'DEVI PERMATASARI', '', '', '', 'XI BDP', '2022/2023', 1),
(455, 'DZUROTUN NASIKHAH', '', '', '', 'XI BDP', '2022/2023', 1),
(456, 'EMI MASFUFAH', '', '', '', 'XI BDP', '2022/2023', 1),
(457, 'IMAM HADI PURWANTO', '', '', '', 'XI BDP', '2022/2023', 1),
(458, 'INDRIANI DWI DAMAYATI', '', '', '', 'XI BDP', '2022/2023', 1),
(459, 'MEI AGUSTIN', '', '', '', 'XI BDP', '2022/2023', 1),
(460, 'MOH. ZAMRONI', '', '', '', 'XI BDP', '2022/2023', 1),
(461, 'MUHAMMAD ANDI ALFIAN', '', '', '', 'XI BDP', '2022/2023', 1),
(462, 'NEYZALIA PUTRI AIRILLA', '', '', '', 'XI BDP', '2022/2023', 1),
(463, 'PUTRI SYARIFAH AINUROHMAH', '', '', '', 'XI BDP', '2022/2023', 1),
(464, 'QURROTUN AINI', '', '', '', 'XI BDP', '2022/2023', 1),
(465, 'RAHMAD BAGUS BAMBANG SUTEJO', '', '', '', 'XI BDP', '2022/2023', 1),
(466, 'SAADAH SAROIYAH', '', '', '', 'XI BDP', '2022/2023', 1),
(467, 'YURINA BILBINA MAKWA', '', '', '', 'XI BDP', '2022/2023', 1),
(468, 'ACH. THOHIRIN', '', '', '', 'XII TKRO 1', '2022/2023', 1),
(469, 'ADITYA EKA JULIANANTA', '', '', '', 'XII TKRO 1', '2022/2023', 1),
(470, 'AH. BAGUS IHFANI SAPUTRO', '', '', '', 'XII TKRO 1', '2022/2023', 1),
(471, 'AH. HAFID SYAIFULLAH', '', '', '', 'XII TKRO 1', '2022/2023', 1),
(472, 'AHMAD AHZAMUL SYA\'BANI JAZULI', '', '', '', 'XII TKRO 1', '2022/2023', 1),
(473, 'AHMAD NUR AL BUSTOMI', '', '', '', 'XII TKRO 1', '2022/2023', 1),
(474, 'ALFIAN ERIK RAMA WIJAYA', '', '', '', 'XII TKRO 1', '2022/2023', 1),
(475, 'ALVAN CHOIRUDDIN RAMADHAN', '', '', '', 'XII TKRO 1', '2022/2023', 1),
(476, 'ANDREAN DAFA PRATAMA', '', '', '', 'XII TKRO 1', '2022/2023', 1),
(477, 'AVIN DWI SAPUTRA', '', '', '', 'XII TKRO 1', '2022/2023', 1),
(478, 'BAKHRUL KHIKAM', '', '', '', 'XII TKRO 1', '2022/2023', 1),
(479, 'DENDYS NUGROHO', '', '', '', 'XII TKRO 1', '2022/2023', 1),
(480, 'DIMAS ARI PRADANA', '', '', '', 'XII TKRO 1', '2022/2023', 1),
(481, 'EKY AGUS ARDIANSYAH', '', '', '', 'XII TKRO 1', '2022/2023', 1),
(482, 'ERDI SETIAWAN', '', '', '', 'XII TKRO 1', '2022/2023', 1),
(483, 'HUSNUL KHULUQ SAPUTRA', '', '', '', 'XII TKRO 1', '2022/2023', 1),
(484, 'INGGAR DEWANTO', '', '', '', 'XII TKRO 1', '2022/2023', 1),
(485, 'M. SHOIF ABDILLAH', '', '', '', 'XII TKRO 1', '2022/2023', 1),
(486, 'MOH. AKHSANITTAKWIM', '', '', '', 'XII TKRO 1', '2022/2023', 1),
(487, 'M. VIKRI FIRMANSYAH', '', '', '', 'XII TKRO 1', '2022/2023', 1),
(488, 'M. GALANG FIRMANSYAH', '', '', '', 'XII TKRO 1', '2022/2023', 1),
(489, 'MOCH SAIFULLAH', '', '', '', 'XII TKRO 1', '2022/2023', 1),
(490, 'M. IRFAN FERDIANSA', '', '', '', 'XII TKRO 1', '2022/2023', 1),
(491, 'MUHAMMAD FEBRIAN RIZKY', '', '', '', 'XII TKRO 1', '2022/2023', 1),
(492, 'MOH. RAFQI FEBRI SAPUTRA', '', '', '', 'XII TKRO 1', '2022/2023', 1),
(493, 'RISTU FAUZI PUTRA', '', '', '', 'XII TKRO 1', '2022/2023', 1),
(494, 'ROFIQOH CHANDRA EFANSYAH', '', '', '', 'XII TKRO 1', '2022/2023', 1),
(495, 'TOMY SAPUTRA', '', '', '', 'XII TKRO 1', '2022/2023', 1),
(496, 'AAN AHMAD NASIKH', '', '', '', 'XII TKRO 2', '2022/2023', 1),
(497, 'ACHMAD SHEVA ROSONERI MILANO', '', '', '', 'XII TKRO 2', '2022/2023', 1),
(498, 'AHMAD ALI NURFIQRI', '', '', '', 'XII TKRO 2', '2022/2023', 1),
(499, 'AHMAD FAZALUDDIN', '', '', '', 'XII TKRO 2', '2022/2023', 1),
(500, 'ASLAHUL UMAM', '', '', '', 'XII TKRO 2', '2022/2023', 1),
(501, 'DAFI KHOIRUL ROMADHON', '', '', '', 'XII TKRO 2', '2022/2023', 1),
(502, 'DAVIS GALANK KRISDIANTO', '', '', '', 'XII TKRO 2', '2022/2023', 1),
(503, 'DIMAS EFENDI', '', '', '', 'XII TKRO 2', '2022/2023', 1),
(504, 'IKMAL NAJIK', '', '', '', 'XII TKRO 2', '2022/2023', 1),
(505, 'JOLANDRA PRATAMA', '', '', '', 'XII TKRO 2', '2022/2023', 1),
(506, 'M. IFAN ARDIANSYAH', '', '', '', 'XII TKRO 2', '2022/2023', 1),
(507, 'MUHAMMAD RICKY ARDIANSYAH', '', '', '', 'XII TKRO 2', '2022/2023', 1),
(508, 'M. RIZKY PUTRA ARDIANSYAH', '', '', '', 'XII TKRO 2', '2022/2023', 1),
(509, 'MOCH. DIKY FIRMANSYAH', '', '', '', 'XII TKRO 2', '2022/2023', 1),
(510, 'MOH. ALFIAN KHOIRUS SANI', '', '', '', 'XII TKRO 2', '2022/2023', 1),
(511, 'MOH. RO\'IF IKLILLUDDIN', '', '', '', 'XII TKRO 2', '2022/2023', 1),
(512, 'MOHAMMAD IRFAN WAHYU ARDIANSYAH', '', '', '', 'XII TKRO 2', '2022/2023', 1),
(513, 'MOHAMMAD ROZAK FADRURROHMAN', '', '', '', 'XII TKRO 2', '2022/2023', 1),
(514, 'MUHAMMAD AINUR ROFIQ', '', '', '', 'XII TKRO 2', '2022/2023', 1),
(515, 'MUHAMMAD HABIBUR ROHMAN', '', '', '', 'XII TKRO 2', '2022/2023', 1),
(516, 'MUHAMMAD SAIROZI', '', '', '', 'XII TKRO 2', '2022/2023', 1),
(517, 'MUHAMMAD YOGI ARDIANSYAH', '', '', '', 'XII TKRO 2', '2022/2023', 1),
(518, 'NOVAN VALLENTINO ARDYYANCA', '', '', '', 'XII TKRO 2', '2022/2023', 1),
(519, 'RAFI RAJA RABBANI', '', '', '', 'XII TKRO 2', '2022/2023', 1),
(520, 'RENDY AKBAR PRASETIYO', '', '', '', 'XII TKRO 2', '2022/2023', 1),
(521, 'ZORISUL FATONI TAMAMIL ARIF', '', '', '', 'XII TKRO 2', '2022/2023', 1),
(522, 'ABDUL MALIK', '', '', '', 'XII TBSM', '2022/2023', 1),
(523, 'ACHMAD BAGUS SETIAWAN', '', '', '', 'XII TBSM', '2022/2023', 1),
(524, 'ADIT SETIAWAN', '', '', '', 'XII TBSM', '2022/2023', 1),
(525, 'AHMAD BANGUN SETIAWAN', '', '', '', 'XII TBSM', '2022/2023', 1),
(526, 'AHMAD FAHRURROZI', '', '', '', 'XII TBSM', '2022/2023', 1),
(527, 'AHMAD FAIZ HIDAYAT', '', '', '', 'XII TBSM', '2022/2023', 1),
(528, 'AHMAD HENDRIYAWAN', '', '', '', 'XII TBSM', '2022/2023', 1),
(529, 'AHMAD IKBAL MAULANA', '', '', '', 'XII TBSM', '2022/2023', 1),
(530, 'AHMAD KHOIRI ANWAR A\'AN', '', '', '', 'XII TBSM', '2022/2023', 1),
(531, 'AHMAD NABIL RAMADLONI', '', '', '', 'XII TBSM', '2022/2023', 1),
(532, 'AHMAD ROSIKHUR RAHMAN', '', '', '', 'XII TBSM', '2022/2023', 1),
(533, 'ANDIKA DWI PRANATA', '', '', '', 'XII TBSM', '2022/2023', 1),
(534, 'ANDRE AFRIZA TUBAGUS ADINATA', '', '', '', 'XII TBSM', '2022/2023', 1),
(535, 'ARIF UBAIDILLAH', '', '', '', 'XII TBSM', '2022/2023', 1),
(536, 'DENIS ADIT SAPUTRA', '', '', '', 'XII TBSM', '2022/2023', 1),
(537, 'ERIEK MIFTAKHUL ALIM', '', '', '', 'XII TBSM', '2022/2023', 1),
(538, 'HARIS STYAWAN', '', '', '', 'XII TBSM', '2022/2023', 1),
(539, 'MUHAMMAD KEVIN FATKUR ROHMAN', '', '', '', 'XII TBSM', '2022/2023', 1),
(540, 'MOH. ANDIKA GALIH SAPUTRA', '', '', '', 'XII TBSM', '2022/2023', 1),
(541, 'MOHAMMAD RIZKY FEBRIANTO', '', '', '', 'XII TBSM', '2022/2023', 1),
(542, 'MUHAMMAD FAJRUN NAZAM', '', '', '', 'XII TBSM', '2022/2023', 1),
(543, 'MUHAMMAD HAMZAH', '', '', '', 'XII TBSM', '2022/2023', 1),
(544, 'MUHAMMAD KASRO HUDIN', '', '', '', 'XII TBSM', '2022/2023', 1),
(545, 'MUHAMMAD RISKI HARIYANTO', '', '', '', 'XII TBSM', '2022/2023', 1),
(546, 'RIKO ADIAN PUTRA', '', '', '', 'XII TBSM', '2022/2023', 1),
(547, 'SEPTIAN YUDHA ANANTA', '', '', '', 'XII TBSM', '2022/2023', 1),
(548, 'ABAS LESTARI', '', '', '', 'XII TKJ 1', '2022/2023', 1),
(549, 'ABDUL WASIK', '', '', '', 'XII TKJ 1', '2022/2023', 1),
(550, 'ADI SATRIYO', '', '', '', 'XII TKJ 1', '2022/2023', 1),
(551, 'AFI AHMAD ZULHUSNI PRATAMA', '', '', '', 'XII TKJ 1', '2022/2023', 1),
(552, 'AHMAD ABID WALIYYUDDIN', '', '', '', 'XII TKJ 1', '2022/2023', 1),
(553, 'AHMAD MAHMUDI', '', '', '', 'XII TKJ 1', '2022/2023', 1),
(554, 'AHMAD NAZRIL ILHAM', '', '', '', 'XII TKJ 1', '2022/2023', 1),
(555, 'AL FAQIH BIILMILLAH', '', '', '', 'XII TKJ 1', '2022/2023', 1),
(556, 'ALDY FIRMANSYAH', '', '', '', 'XII TKJ 1', '2022/2023', 1),
(557, 'ANDRYAN RAHMAT HIDAYAT', '', '', '', 'XII TKJ 1', '2022/2023', 1),
(558, 'AZAR REDIWA', '', '', '', 'XII TKJ 1', '2022/2023', 1),
(559, 'BAYU MUSA LADANA', '', '', '', 'XII TKJ 1', '2022/2023', 1),
(560, 'DIMAZ ADITYA PRATAMA', '', '', '', 'XII TKJ 1', '2022/2023', 1),
(561, 'IRFAN ARDIANSYAH', '', '', '', 'XII TKJ 1', '2022/2023', 1),
(562, 'KAMALUDIN', '', '', '', 'XII TKJ 1', '2022/2023', 1),
(563, 'M. IVANDRO ZAKI ASSEGAF', '', '', '', 'XII TKJ 1', '2022/2023', 1),
(564, 'MUHAMAD IQHAM INENGA', '', '', '', 'XII TKJ 1', '2022/2023', 1),
(565, 'MUHAMMAD AMIRUN NADHIF', '', '', '', 'XII TKJ 1', '2022/2023', 1),
(566, 'MOHAMMAD KHOIRUL MA\'RUF', '', '', '', 'XII TKJ 1', '2022/2023', 1),
(567, 'MUHAMMAD NABIL AL FARISY', '', '', '', 'XII TKJ 1', '2022/2023', 1),
(568, 'MUHAMMAD RIZA FAHMI MAULANA', '', '', '', 'XII TKJ 1', '2022/2023', 1),
(569, 'NARENDRA WAHYU BRIANTAMA', '', '', '', 'XII TKJ 1', '2022/2023', 1),
(570, 'NASHRUL IRFAN', '', '', '', 'XII TKJ 1', '2022/2023', 1),
(571, 'SUNGGING BAGASKORO', '', '', '', 'XII TKJ 1', '2022/2023', 1),
(572, 'AGUS ANDIKA', '', '', '', 'XII TKJ 2', '2022/2023', 1),
(573, 'AHMAD HAFIZ ZULKARNAIN', '', '', '', 'XII TKJ 2', '2022/2023', 1),
(574, 'ANITA FITRIYAH', '', '', '', 'XII TKJ 2', '2022/2023', 1),
(575, 'AZIZAH MUALIFAH', '', '', '', 'XII TKJ 2', '2022/2023', 1),
(576, 'AZRIEL ALENDHANA M.A', '', '', '', 'XII TKJ 2', '2022/2023', 1),
(577, 'DINI ANGGUN TRIAMADA', '', '', '', 'XII TKJ 2', '2022/2023', 1),
(578, 'EKA ZAKKIY MAHMUDI', '', '', '', 'XII TKJ 2', '2022/2023', 1),
(579, 'ERIC ADI CANDRA', '', '', '', 'XII TKJ 2', '2022/2023', 1),
(580, 'FERI HADI SUSANTO', '', '', '', 'XII TKJ 2', '2022/2023', 1),
(581, 'GILANG JUNAEDI ROHMAN', '', '', '', 'XII TKJ 2', '2022/2023', 1),
(582, 'HERLI ANGGUN MAWARNI', '', '', '', 'XII TKJ 2', '2022/2023', 1),
(583, 'M. WAFI QURRIFQI', '', '', '', 'XII TKJ 2', '2022/2023', 1),
(584, 'M. WISNU KAWIRIYAN', '', '', '', 'XII TKJ 2', '2022/2023', 1),
(585, 'MASRUL RIZQI ARY FEDDY', '', '', '', 'XII TKJ 2', '2022/2023', 1),
(586, 'MAULANA AGENG PANUNGGAL', '', '', '', 'XII TKJ 2', '2022/2023', 1),
(587, 'MOH. MUJIBUR ROHMAD', '', '', '', 'XII TKJ 2', '2022/2023', 1),
(588, 'MOH. YOGI PRATAMA ARDI TYANSYAH', '', '', '', 'XII TKJ 2', '2022/2023', 1),
(589, 'MOHAMMAD FERDI FIRMANSYAH', '', '', '', 'XII TKJ 2', '2022/2023', 1),
(590, 'MOHAMMAD HILALUL AZMI', '', '', '', 'XII TKJ 2', '2022/2023', 1),
(591, 'MUHAMMAD HABIB ABDULLOH', '', '', '', 'XII TKJ 2', '2022/2023', 1),
(592, 'MUHAMMAD MAHFUD ALI', '', '', '', 'XII TKJ 2', '2022/2023', 1),
(593, 'NAUVA SAPUTRA', '', '', '', 'XII TKJ 2', '2022/2023', 1),
(594, 'RIZKY ANDI KURNIAWAN', '', '', '', 'XII TKJ 2', '2022/2023', 1),
(595, 'TEGUH FIRMANSAH', '', '', '', 'XII TKJ 2', '2022/2023', 1),
(596, 'ZAINUL ABIDIN', '', '', '', 'XII TKJ 2', '2022/2023', 1),
(597, 'ACMAD ADAM RABAWI', '', '', '', 'XII MM', '2022/2023', 1),
(598, 'ACHMAD RAFID ABID TAHIYA', '', '', '', 'XII MM', '2022/2023', 1),
(599, 'ADITYA ABDILLAH EFENDI', '', '', '', 'XII MM', '2022/2023', 1),
(600, 'ADITIYA SLAMET NUGROHO', '', '', '', 'XII MM', '2022/2023', 1),
(601, 'AGNES AKMALA EL VANDARI', '', '', '', 'XII MM', '2022/2023', 1),
(602, 'AHMAD FAESAL SYAFI\'I', '', '', '', 'XII MM', '2022/2023', 1),
(603, 'AHMAD RIZAL SARIFUDDIN', '', '', '', 'XII MM', '2022/2023', 1),
(604, 'AINUL MAJID FAUZI', '', '', '', 'XII MM', '2022/2023', 1),
(605, 'ARI LESTARI WULANDARI', '', '', '', 'XII MM', '2022/2023', 1),
(606, 'AURA WULAN HARLIA', '', '', '', 'XII MM', '2022/2023', 1),
(607, 'DELVI NUR SAFITRI', '', '', '', 'XII MM', '2022/2023', 1),
(608, 'DEVI MARTHAWATI', '', '', '', 'XII MM', '2022/2023', 1),
(609, 'DIMAS WAHYU SAPUTRA', '', '', '', 'XII MM', '2022/2023', 1),
(610, 'DWI PRAYOGHO', '', '', '', 'XII MM', '2022/2023', 1),
(611, 'EKA LAILYATUL FITROH', '', '', '', 'XII MM', '2022/2023', 1),
(612, 'ELINDA FATMASARI', '', '', '', 'XII MM', '2022/2023', 1),
(613, 'FANDHY AFRIANSYAH', '', '', '', 'XII MM', '2022/2023', 1),
(614, 'FITRIATUZ ZAHROH', '', '', '', 'XII MM', '2022/2023', 1),
(615, 'M. HASTA ARSAL AL KHABSY', '', '', '', 'XII MM', '2022/2023', 1),
(616, 'IKLIL IZAZI AFHAM', '', '', '', 'XII MM', '2022/2023', 1),
(617, 'IVAN INDHI ANDHANO', '', '', '', 'XII MM', '2022/2023', 1),
(618, 'JOSI ARYA BIMA', '', '', '', 'XII MM', '2022/2023', 1),
(619, 'KHARIS ADIL ROCHMANTO', '', '', '', 'XII MM', '2022/2023', 1),
(620, 'LUSIANA SAFARAH', '', '', '', 'XII MM', '2022/2023', 1),
(621, 'M. MISTAQ IRHAM', '', '', '', 'XII MM', '2022/2023', 1),
(622, 'M. MISTAQ KHORIF', '', '', '', 'XII MM', '2022/2023', 1),
(623, 'MELLY MAZIDATUL ILMIA', '', '', '', 'XII MM', '2022/2023', 1),
(624, 'MOH. YASYFA ANJANA', '', '', '', 'XII MM', '2022/2023', 1),
(625, 'MOHAMMAD ARDANI', '', '', '', 'XII MM', '2022/2023', 1),
(626, 'MUHAMMAD SANDY PRATAMA', '', '', '', 'XII MM', '2022/2023', 1),
(627, 'NUR FITRI RAMADHANIAH', '', '', '', 'XII MM', '2022/2023', 1),
(628, 'ROSA DWI ELIYAH', '', '', '', 'XII MM', '2022/2023', 1),
(629, 'SHOHIBATUL MAGHFIROH', '', '', '', 'XII MM', '2022/2023', 1),
(630, 'TRI MURDIHAFAN', '', '', '', 'XII MM', '2022/2023', 1),
(631, 'ZIYADA AHMAD ARCADIA', '', '', '', 'XII MM', '2022/2023', 1),
(632, 'ZUANITA FARA AULIA', '', '', '', 'XII MM', '2022/2023', 1),
(633, 'ADELIA NURANISA', '', '', '', 'XII AKL', '2022/2023', 1),
(634, 'AMELIA PUTRI', '', '', '', 'XII AKL', '2022/2023', 1),
(635, 'ANA TASYA SALSABILA', '', '', '', 'XII AKL', '2022/2023', 1),
(636, 'ANI WAHYU ANDANI', '', '', '', 'XII AKL', '2022/2023', 1),
(637, 'ARINDA TRI APRILIYAH', '', '', '', 'XII AKL', '2022/2023', 1),
(638, 'AUVIANA GUSTIN PRIYANTY', '', '', '', 'XII AKL', '2022/2023', 1),
(639, 'CICI AVITA SARI', '', '', '', 'XII AKL', '2022/2023', 1),
(640, 'CINDY HAMMIDAH', '', '', '', 'XII AKL', '2022/2023', 1),
(641, 'DEFID RULISTIAWATI', '', '', '', 'XII AKL', '2022/2023', 1),
(642, 'DIAN RATNASARI', '', '', '', 'XII AKL', '2022/2023', 1),
(643, 'GITA WAHYU EKA ROMADHONI', '', '', '', 'XII AKL', '2022/2023', 1),
(644, 'HABIBAH RAMADHANI', '', '', '', 'XII AKL', '2022/2023', 1),
(645, 'ILA IZZATIL UMMAH', '', '', '', 'XII AKL', '2022/2023', 1),
(646, 'INDAH SYAFITRI', '', '', '', 'XII AKL', '2022/2023', 1),
(647, 'INGGRIT ANGGRAENI', '', '', '', 'XII AKL', '2022/2023', 1),
(648, 'ISNA AISYAH AL- ZAHROH', '', '', '', 'XII AKL', '2022/2023', 1),
(649, 'JELITA CAHAYANI', '', '', '', 'XII AKL', '2022/2023', 1),
(650, 'JULIAN NINIS FIRNANDA', '', '', '', 'XII AKL', '2022/2023', 1),
(651, 'KHUSNUL KHAMIDIYAH', '', '', '', 'XII AKL', '2022/2023', 1),
(652, 'LUSI ANIKA CRISTIN', '', '', '', 'XII AKL', '2022/2023', 1),
(653, 'MELISAYANTI', '', '', '', 'XII AKL', '2022/2023', 1),
(654, 'NI\'MATUL MAHMUDAH', '', '', '', 'XII AKL', '2022/2023', 1),
(655, 'NOVA AYU ZAHROH', '', '', '', 'XII AKL', '2022/2023', 1),
(656, 'NOVI AYU PUSPITA', '', '', '', 'XII AKL', '2022/2023', 1),
(657, 'NURUL HIDAYATUS SA\'IDAH', '', '', '', 'XII AKL', '2022/2023', 1),
(658, 'SITI NUR QOMARIYAH', '', '', '', 'XII AKL', '2022/2023', 1),
(659, 'SYINTIA RAHMAWATI', '', '', '', 'XII AKL', '2022/2023', 1),
(660, 'ULFA EKA YULIANA', '', '', '', 'XII AKL', '2022/2023', 1),
(661, 'VINI ADELIA SURYANI', '', '', '', 'XII AKL', '2022/2023', 1),
(662, 'ZAYYIDATUN NATASYA ALMAFAZA', '', '', '', 'XII AKL', '2022/2023', 1),
(663, 'ADZRO NUR ULAYYA', '', '', '', 'XII PKM', '2022/2023', 1),
(664, 'AFIDATUL AWALIYAH', '', '', '', 'XII PKM', '2022/2023', 1),
(665, 'DEVIY ANASTASYA', '', '', '', 'XII PKM', '2022/2023', 1),
(666, 'EKA SAFIRA ROHMAWATI', '', '', '', 'XII PKM', '2022/2023', 1),
(667, 'ELSA VIRDIANTI', '', '', '', 'XII PKM', '2022/2023', 1),
(668, 'FIRDAUSI RIDHOTUL ULLAH', '', '', '', 'XII PKM', '2022/2023', 1),
(669, 'FITRI DIAH ROMADHONI', '', '', '', 'XII PKM', '2022/2023', 1),
(670, 'FITRIA ROHMAWATI', '', '', '', 'XII PKM', '2022/2023', 1),
(671, 'LAILATU ISRO\'IYAH', '', '', '', 'XII PKM', '2022/2023', 1),
(672, 'MASRIPAH', '', '', '', 'XII PKM', '2022/2023', 1),
(673, 'MAYANG ARMADANI', '', '', '', 'XII PKM', '2022/2023', 1),
(674, 'NAILA MAULIDIA CHUSNA', '', '', '', 'XII PKM', '2022/2023', 1),
(675, 'NAZALA EKA PUTRI', '', '', '', 'XII PKM', '2022/2023', 1),
(676, 'NIKEN PUSPA DAMAYANTI', '', '', '', 'XII PKM', '2022/2023', 1),
(677, 'NUR LAILI ELFAJR', '', '', '', 'XII PKM', '2022/2023', 1),
(678, 'OLIVIA DHINI ANGGRAENI', '', '', '', 'XII PKM', '2022/2023', 1),
(679, 'SHILVIA LIANTI AFDALIA', '', '', '', 'XII PKM', '2022/2023', 1),
(680, 'VENNY FLANTIKA REYGINA', '', '', '', 'XII PKM', '2022/2023', 1),
(681, 'YUNITA ANDIYA SAFITRI', '', '', '', 'XII PKM', '2022/2023', 1),
(682, 'AHMAD IMAM PRADANA', '', '', '', 'XII BDP', '2022/2023', 1),
(683, 'ALYA BUNGA FATIKA', '', '', '', 'XII BDP', '2022/2023', 1),
(684, 'ANGEL AROFIQ', '', '', '', 'XII BDP', '2022/2023', 1),
(685, 'AURA FASHA RAMADHANI PRIYASENTANA PUTRA', '', '', '', 'XII BDP', '2022/2023', 1),
(686, 'AYU FITRI RISTARI', '', '', '', 'XII BDP', '2022/2023', 1),
(687, 'AZZELYNA SYAHRIZAN', '', '', '', 'XII BDP', '2022/2023', 1),
(688, 'BELLA TRI CAHYANE LINTANG', '', '', '', 'XII BDP', '2022/2023', 1),
(689, 'HESTI TAMA SYAFIRA', '', '', '', 'XII BDP', '2022/2023', 1),
(690, 'IIS SUHARTI', '', '', '', 'XII BDP', '2022/2023', 1),
(691, 'KARINA PUTRI RAMADANI', '', '', '', 'XII BDP', '2022/2023', 1),
(692, 'MOCH. HERU', '', '', '', 'XII BDP', '2022/2023', 1),
(693, 'NADIA ALYATUL ILMIAH', '', '', '', 'XII BDP', '2022/2023', 1),
(694, 'NATALI ARTIKA SARI', '', '', '', 'XII BDP', '2022/2023', 1),
(695, 'NAZWA SALSA VIOLITA', '', '', '', 'XII BDP', '2022/2023', 1),
(696, 'NIA DEWI ALFIANI', '', '', '', 'XII BDP', '2022/2023', 1),
(697, 'NICKEN TALYA TRI UTAMI', '', '', '', 'XII BDP', '2022/2023', 1),
(698, 'NURUL FADHILA', '', '', '', 'XII BDP', '2022/2023', 1),
(699, 'RETNO LISTIYA WATI', '', '', '', 'XII BDP', '2022/2023', 1),
(700, 'SAFETY CAROLINE', '', '', '', 'XII BDP', '2022/2023', 1),
(701, 'SALISA NUR AZIZAH', '', '', '', 'XII BDP', '2022/2023', 1),
(702, 'SANTI DWI SETIYAWATI', '', '', '', 'XII BDP', '2022/2023', 1),
(703, 'ST. SA\'DIYATUL QIBTIYAH', '', '', '', 'XII BDP', '2022/2023', 1),
(704, 'TRI DEVI SETIO WATI', '', '', '', 'XII BDP', '2022/2023', 1),
(705, 'UMU KHABIBAH', '', '', '', 'XII BDP', '2022/2023', 1),
(706, 'ZULFATUS SHOLIKHA.', '', '', '', 'XII BDP', '2022/2023', 1);

-- --------------------------------------------------------

--
-- Table structure for table `tahun_pelajaran`
--

DROP TABLE IF EXISTS `tahun_pelajaran`;
CREATE TABLE IF NOT EXISTS `tahun_pelajaran` (
  `id` int(11) NOT NULL AUTO_INCREMENT,
  `tahun` varchar(20) NOT NULL,
  `semester` int(11) NOT NULL,
  `aktif` int(11) NOT NULL,
  PRIMARY KEY (`id`)
) ENGINE=MyISAM AUTO_INCREMENT=6 DEFAULT CHARSET=latin1;

--
-- Dumping data for table `tahun_pelajaran`
--

INSERT INTO `tahun_pelajaran` (`id`, `tahun`, `semester`, `aktif`) VALUES
(1, '2022/2023', 1, 1),
(3, '2022/2023', 2, 0),
(4, '2023/2024', 1, 0),
(5, '2023/2024', 2, 0);

-- --------------------------------------------------------

--
-- Table structure for table `walikelas`
--

DROP TABLE IF EXISTS `walikelas`;
CREATE TABLE IF NOT EXISTS `walikelas` (
  `id` int(11) NOT NULL AUTO_INCREMENT,
  `guru` int(11) NOT NULL,
  `kelas` varchar(20) NOT NULL,
  `tahun_pelajaran` varchar(20) NOT NULL,
  PRIMARY KEY (`id`)
) ENGINE=MyISAM AUTO_INCREMENT=29 DEFAULT CHARSET=latin1;

--
-- Dumping data for table `walikelas`
--

INSERT INTO `walikelas` (`id`, `guru`, `kelas`, `tahun_pelajaran`) VALUES
(18, 40, 'XI BDP', '2022/2023'),
(20, 42, 'XII TKRO 2', '2022/2023'),
(19, 41, 'XII TKRO 1', '2022/2023'),
(4, 26, 'X TKR', '2022/2023'),
(5, 27, 'X TSM', '2022/2023'),
(6, 28, 'X TKJ', '2022/2023'),
(7, 29, 'X DKV', '2022/2023'),
(8, 30, 'X Ak', '2022/2023'),
(9, 31, 'X LPb', '2022/2023'),
(10, 32, 'X BD', '2022/2023'),
(11, 33, 'XI TKRO', '2022/2023'),
(12, 34, 'XI TBSM', '2022/2023'),
(13, 35, 'XI TKJ 1', '2022/2023'),
(14, 36, 'XI TKJ 2', '2022/2023'),
(15, 37, 'XI MM', '2022/2023'),
(16, 38, 'XI AKL', '2022/2023'),
(17, 39, 'XI PKM', '2022/2023'),
(21, 43, 'XII TBSM', '2022/2023'),
(22, 44, 'XII TKJ 1', '2022/2023'),
(24, 45, 'XII TKJ 2', '2022/2023'),
(25, 46, 'XII MM', '2022/2023'),
(26, 47, 'XII AKL', '2022/2023'),
(27, 48, 'XII PKM', '2022/2023'),
(28, 49, 'XII BDP', '2022/2023');
COMMIT;

/*!40101 SET CHARACTER_SET_CLIENT=@OLD_CHARACTER_SET_CLIENT */;
/*!40101 SET CHARACTER_SET_RESULTS=@OLD_CHARACTER_SET_RESULTS */;
/*!40101 SET COLLATION_CONNECTION=@OLD_COLLATION_CONNECTION */;
